"fecha","caudal_m3s","id_cuenca"
2015-01-01,158.728260434325,"C027"
2015-01-02,117.960558867248,"C027"
2015-01-03,108.265130532048,"C027"
2015-01-04,73.0183142461193,"C027"
2015-01-05,69.5920365650749,"C027"
2015-01-06,29.7637555837037,"C027"
2015-01-07,36.8972239044022,"C027"
2015-01-08,21.8642968686084,"C027"
2015-01-09,3.2136147143527,"C027"
2015-01-10,33.6819750133268,"C027"
2015-01-11,89.4415945398415,"C027"
2015-01-12,83.6126995081759,"C027"
2015-01-13,141.46041668721,"C027"
2015-01-14,53.3902164047055,"C027"
2015-01-15,120.162576265551,"C027"
2015-01-16,117.304853340809,"C027"
2015-01-17,73.6153736683545,"C027"
2015-01-18,36.048152707613,"C027"
2015-01-19,30.2977294831645,"C027"
2015-01-20,104.805787385043,"C027"
2015-01-21,71.9188427852632,"C027"
2015-01-22,51.9474680522414,"C027"
2015-01-23,90.1887027252917,"C027"
2015-01-24,138.026202236136,"C027"
2015-01-25,139.525779578143,"C027"
2015-01-26,176.924275272606,"C027"
2015-01-27,43.2149467339125,"C027"
2015-01-28,7.09033470825949,"C027"
2015-01-29,3.28019499571754,"C027"
2015-01-30,4.29623886583477,"C027"
2015-01-31,31.9191838836952,"C027"
2015-02-01,58.8707910865933,"C027"
2015-02-02,32.6156036952591,"C027"
2015-02-03,18.042441472823,"C027"
2015-02-04,40.5109942896317,"C027"
2015-02-05,4.11999853273053,"C027"
2015-02-06,21.3659227505822,"C027"
2015-02-07,52.4180875394868,"C027"
2015-02-08,17.9818755865627,"C027"
2015-02-09,48.5267591305288,"C027"
2015-02-10,53.3604971621958,"C027"
2015-02-11,68.243816474718,"C027"
2015-02-12,46.7850505761993,"C027"
2015-02-13,42.5301567468438,"C027"
2015-02-14,89.5775331148872,"C027"
2015-02-15,71.0487118316147,"C027"
2015-02-16,15.6163569326119,"C027"
2015-02-17,161.822418081138,"C027"
2015-02-18,58.8183700956407,"C027"
2015-02-19,191.153048471138,"C027"
2015-02-20,14.348837893727,"C027"
2015-02-21,52.6039119406506,"C027"
2015-02-22,92.2535200978387,"C027"
2015-02-23,58.0952134844368,"C027"
2015-02-24,197.527928160341,"C027"
2015-02-25,164.154278550811,"C027"
2015-02-26,34.1907222652385,"C027"
2015-02-27,34.6782569809264,"C027"
2015-02-28,97.6291796142327,"C027"
2015-03-01,97.534234956549,"C027"
2015-03-02,79.7974661293588,"C027"
2015-03-03,90.1001952744004,"C027"
2015-03-04,108.332452747719,"C027"
2015-03-05,105.108470809411,"C027"
2015-03-06,70.6846782559033,"C027"
2015-03-07,29.6619348206959,"C027"
2015-03-08,33.786494322169,"C027"
2015-03-09,52.6537205989005,"C027"
2015-03-10,69.1364650252751,"C027"
2015-03-11,71.0291979355502,"C027"
2015-03-12,119.368163596311,"C027"
2015-03-13,139.018216414031,"C027"
2015-03-14,60.395300497505,"C027"
2015-03-15,195.292780549664,"C027"
2015-03-16,64.0708281029651,"C027"
2015-03-17,29.4678075632018,"C027"
2015-03-18,47.3948856345706,"C027"
2015-03-19,88.3554906941883,"C027"
2015-03-20,4.4842218047727,"C027"
2015-03-21,70.7135019171091,"C027"
2015-03-22,6.99224091885312,"C027"
2015-03-23,4.69981524715587,"C027"
2015-03-24,2.83500749229322,"C027"
2015-03-25,5.18005510766211,"C027"
2015-03-26,4.87919873669656,"C027"
2015-03-27,10.3834157365396,"C027"
2015-03-28,129.565357415898,"C027"
2015-03-29,25.6405173510775,"C027"
2015-03-30,47.5932628981236,"C027"
2015-03-31,33.1847871517276,"C027"
2015-04-01,6.54752050251232,"C027"
2015-04-02,35.1793384252051,"C027"
2015-04-03,16.0098918079808,"C027"
2015-04-04,17.9366426759222,"C027"
2015-04-05,61.4434891717924,"C027"
2015-04-06,29.3596013413493,"C027"
2015-04-07,50.3867409447874,"C027"
2015-04-08,56.3306191920058,"C027"
2015-04-09,11.7049890631265,"C027"
2015-04-10,43.1727479217608,"C027"
2015-04-11,36.924836693386,"C027"
2015-04-12,9.3486738025526,"C027"
2015-04-13,10.0560202876147,"C027"
2015-04-14,3.12345687779936,"C027"
2015-04-15,2.06282672047882,"C027"
2015-04-16,2.06282672047882,"C027"
2015-04-17,5.54132381710793,"C027"
2015-04-18,21.872913788608,"C027"
2015-04-19,21.8521865470729,"C027"
2015-04-20,7.67698689992006,"C027"
2015-04-21,5.40480766491207,"C027"
2015-04-22,2.12423703916747,"C027"
2015-04-23,10.9262592683637,"C027"
2015-04-24,6.5525149797995,"C027"
2015-04-25,5.36608123816716,"C027"
2015-04-26,5.23880418957389,"C027"
2015-04-27,5.23626723555691,"C027"
2015-04-28,4.53008399320416,"C027"
2015-04-29,14.5215731981994,"C027"
2015-04-30,37.9496154302354,"C027"
2015-05-01,12.9279500156757,"C027"
2015-05-02,20.7567092219651,"C027"
2015-05-03,11.9177044228546,"C027"
2015-05-04,18.2621642939482,"C027"
2015-05-05,6.43591149511487,"C027"
2015-05-06,23.0483551977834,"C027"
2015-05-07,11.2764049817621,"C027"
2015-05-08,94.9136182612614,"C027"
2015-05-09,30.2042934292989,"C027"
2015-05-10,37.0305078451564,"C027"
2015-05-11,22.1549576359059,"C027"
2015-05-12,6.74526109284368,"C027"
2015-05-13,5.50820430448771,"C027"
2015-05-14,5.93309031136229,"C027"
2015-05-15,35.3431827844048,"C027"
2015-05-16,55.428663827478,"C027"
2015-05-17,54.358043568791,"C027"
2015-05-18,41.7552959664538,"C027"
2015-05-19,112.537901680639,"C027"
2015-05-20,105.789733135383,"C027"
2015-05-21,29.8939712825848,"C027"
2015-05-22,29.2065874336708,"C027"
2015-05-23,11.2504040727251,"C027"
2015-05-24,6.39875415971534,"C027"
2015-05-25,90.1221740530143,"C027"
2015-05-26,40.0163991879986,"C027"
2015-05-27,42.1648540410253,"C027"
2015-05-28,40.2887559322928,"C027"
2015-05-29,16.2332642131683,"C027"
2015-05-30,41.8827366383062,"C027"
2015-05-31,4.65296374267173,"C027"
2015-06-01,54.553526913464,"C027"
2015-06-02,53.6740583702732,"C027"
2015-06-03,50.5306875148428,"C027"
2015-06-04,58.3352866183827,"C027"
2015-06-05,70.5851849446873,"C027"
2015-06-06,42.2866195111273,"C027"
2015-06-07,3.33510566694211,"C027"
2015-06-08,32.5910946840776,"C027"
2015-06-09,32.1601344131788,"C027"
2015-06-10,3.25943562970782,"C027"
2015-06-11,5.14800069934465,"C027"
2015-06-12,10.5727895619833,"C027"
2015-06-13,33.7968699800554,"C027"
2015-06-14,11.6107137613056,"C027"
2015-06-15,16.6356947959273,"C027"
2015-06-16,61.1686330913217,"C027"
2015-06-17,31.7697266578901,"C027"
2015-06-18,36.4663812228965,"C027"
2015-06-19,4.70928766847923,"C027"
2015-06-20,3.3726624442935,"C027"
2015-06-21,28.7673027765476,"C027"
2015-06-22,21.2752010213142,"C027"
2015-06-23,3.49525560522337,"C027"
2015-06-24,19.9498149090081,"C027"
2015-06-25,38.2411554218787,"C027"
2015-06-26,79.6348556476667,"C027"
2015-06-27,76.9179541473158,"C027"
2015-06-28,33.172738988563,"C027"
2015-06-29,35.0930196163356,"C027"
2015-06-30,25.8891024246384,"C027"
2015-07-01,43.7939472509222,"C027"
2015-07-02,78.7942773366549,"C027"
2015-07-03,22.4485848760416,"C027"
2015-07-04,34.8281817010966,"C027"
2015-07-05,8.52154976188041,"C027"
2015-07-06,18.6852936404366,"C027"
2015-07-07,27.4443604532351,"C027"
2015-07-08,17.3889110054878,"C027"
2015-07-09,61.2023554319569,"C027"
2015-07-10,56.5409029722682,"C027"
2015-07-11,41.4159664871834,"C027"
2015-07-12,19.699348347275,"C027"
2015-07-13,4.18647890969705,"C027"
2015-07-14,12.2698975734582,"C027"
2015-07-15,3.80028386939749,"C027"
2015-07-16,43.8921490198979,"C027"
2015-07-17,6.78500706276212,"C027"
2015-07-18,18.3027240925085,"C027"
2015-07-19,59.7327169570574,"C027"
2015-07-20,44.5748723152902,"C027"
2015-07-21,73.1585730369952,"C027"
2015-07-22,11.1146307110031,"C027"
2015-07-23,9.81337840948957,"C027"
2015-07-24,20.5073629236582,"C027"
2015-07-25,19.070981430628,"C027"
2015-07-26,85.4795525807841,"C027"
2015-07-27,47.7943440934976,"C027"
2015-07-28,47.5597886708182,"C027"
2015-07-29,4.71705909573299,"C027"
2015-07-30,28.147405888758,"C027"
2015-07-31,95.5279750141204,"C027"
2015-08-01,36.0062563066063,"C027"
2015-08-02,14.0256629962218,"C027"
2015-08-03,61.6950360975135,"C027"
2015-08-04,51.1446082068341,"C027"
2015-08-05,38.4724701864742,"C027"
2015-08-06,37.7636656909852,"C027"
2015-08-07,22.3826464320786,"C027"
2015-08-08,152.870896619165,"C027"
2015-08-09,84.7893902232111,"C027"
2015-08-10,62.6483903727566,"C027"
2015-08-11,26.9512485541699,"C027"
2015-08-12,36.096087834385,"C027"
2015-08-13,30.2524569217445,"C027"
2015-08-14,109.339348386358,"C027"
2015-08-15,61.7111230886375,"C027"
2015-08-16,59.4503521537068,"C027"
2015-08-17,80.7238811970535,"C027"
2015-08-18,45.6321206139687,"C027"
2015-08-19,19.1578103496999,"C027"
2015-08-20,4.56052057281951,"C027"
2015-08-21,34.5643854246943,"C027"
2015-08-22,30.0075214436617,"C027"
2015-08-23,75.329243714741,"C027"
2015-08-24,2.55206488497855,"C027"
2015-08-25,27.2707715089117,"C027"
2015-08-26,31.3517888788481,"C027"
2015-08-27,108.322728149188,"C027"
2015-08-28,86.0403533279867,"C027"
2015-08-29,52.3236351617831,"C027"
2015-08-30,12.4818542469061,"C027"
2015-08-31,17.6667084190697,"C027"
2015-09-01,5.58560808116354,"C027"
2015-09-02,55.8789659416818,"C027"
2015-09-03,34.376491854601,"C027"
2015-09-04,52.8930360106207,"C027"
2015-09-05,71.8661041650241,"C027"
2015-09-06,69.3047434417405,"C027"
2015-09-07,122.310920971206,"C027"
2015-09-08,71.1820130518238,"C027"
2015-09-09,76.7641238286118,"C027"
2015-09-10,96.7545661639389,"C027"
2015-09-11,53.3214630441476,"C027"
2015-09-12,25.1522777914635,"C027"
2015-09-13,53.0226015898637,"C027"
2015-09-14,47.4586307573828,"C027"
2015-09-15,69.1557802952841,"C027"
2015-09-16,12.8767772533514,"C027"
2015-09-17,28.6032770629309,"C027"
2015-09-18,10.0001677251042,"C027"
2015-09-19,16.6815596037973,"C027"
2015-09-20,47.7500771297818,"C027"
2015-09-21,52.0497900625832,"C027"
2015-09-22,22.2340858836654,"C027"
2015-09-23,67.5052968105647,"C027"
2015-09-24,61.7002235112771,"C027"
2015-09-25,2.33764110800914,"C027"
2015-09-26,16.9493661753837,"C027"
2015-09-27,4.46110347921721,"C027"
2015-09-28,4.28711728290229,"C027"
2015-09-29,2.20822916751088,"C027"
2015-09-30,29.2086597766031,"C027"
2015-10-01,38.169407425221,"C027"
2015-10-02,5.4700137225771,"C027"
2015-10-03,25.4181614065825,"C027"
2015-10-04,35.059440480539,"C027"
2015-10-05,4.33388742608183,"C027"
2015-10-06,4.18786338850461,"C027"
2015-10-07,28.5398227202176,"C027"
2015-10-08,20.1398479310244,"C027"
2015-10-09,50.0758194013745,"C027"
2015-10-10,47.3093227088877,"C027"
2015-10-11,52.5409028161618,"C027"
2015-10-12,50.5535147217605,"C027"
2015-10-13,62.8778978304142,"C027"
2015-10-14,45.1678305696633,"C027"
2015-10-15,23.1918917386789,"C027"
2015-10-16,29.5343586032002,"C027"
2015-10-17,35.2535683462498,"C027"
2015-10-18,42.8396788333766,"C027"
2015-10-19,30.5816491554602,"C027"
2015-10-20,60.5004692179951,"C027"
2015-10-21,7.52125591479409,"C027"
2015-10-22,22.1487791257424,"C027"
2015-10-23,41.7344592982867,"C027"
2015-10-24,76.6125376055976,"C027"
2015-10-25,68.3540427071162,"C027"
2015-10-26,179.99367714676,"C027"
2015-10-27,147.535779744424,"C027"
2015-10-28,62.4321453650976,"C027"
2015-10-29,35.7497764063989,"C027"
2015-10-30,20.5114603781441,"C027"
2015-10-31,25.8556309808668,"C027"
2015-11-01,50.1525559295772,"C027"
2015-11-02,5.96187224950075,"C027"
2015-11-03,11.0966096235667,"C027"
2015-11-04,14.4190212232087,"C027"
2015-11-05,23.2001216560659,"C027"
2015-11-06,15.0209540104789,"C027"
2015-11-07,90.4713799742082,"C027"
2015-11-08,60.3722747190138,"C027"
2015-11-09,150.949226549495,"C027"
2015-11-10,191.099900306542,"C027"
2015-11-11,155.976147851438,"C027"
2015-11-12,137.833812046598,"C027"
2015-11-13,108.026130931748,"C027"
2015-11-14,167.082599009342,"C027"
2015-11-15,85.9613318977682,"C027"
2015-11-16,177.066464605943,"C027"
2015-11-17,197.113337391581,"C027"
2015-11-18,112.156524412453,"C027"
2015-11-19,87.5813256705307,"C027"
2015-11-20,88.7151782609021,"C027"
2015-11-21,128.836235223352,"C027"
2015-11-22,57.6227557452452,"C027"
2015-11-23,44.067909350139,"C027"
2015-11-24,102.815651433284,"C027"
2015-11-25,85.614514288924,"C027"
2015-11-26,108.931265576107,"C027"
2015-11-27,85.0167510886196,"C027"
2015-11-28,60.7671306854982,"C027"
2015-11-29,46.3378073442633,"C027"
2015-11-30,81.2347611000001,"C027"
2015-12-01,137.365454869269,"C027"
2015-12-02,82.5231921463893,"C027"
2015-12-03,37.0107850451468,"C027"
2015-12-04,47.679466786315,"C027"
2015-12-05,61.2404755876782,"C027"
2015-12-06,22.1939561052769,"C027"
2015-12-07,22.0470076924902,"C027"
2015-12-08,163.580767354525,"C027"
2015-12-09,197.527928160341,"C027"
2015-12-10,63.3520398250424,"C027"
2015-12-11,33.4286169367808,"C027"
2015-12-12,7.70631657147339,"C027"
2015-12-13,73.6430874678477,"C027"
2015-12-14,79.8714886953526,"C027"
2015-12-15,26.7519025025993,"C027"
2015-12-16,44.9486652321954,"C027"
2015-12-17,167.810379287204,"C027"
2015-12-18,131.755092640009,"C027"
2015-12-19,79.6968348589309,"C027"
2015-12-20,80.8282736919539,"C027"
2015-12-21,51.7513308804014,"C027"
2015-12-22,36.2792003205127,"C027"
2015-12-23,51.6653671603035,"C027"
2015-12-24,12.4599576733708,"C027"
2015-12-25,37.5748588902484,"C027"
2015-12-26,52.4004779135544,"C027"
2015-12-27,6.48089899273573,"C027"
2015-12-28,82.2099790878772,"C027"
2015-12-29,32.1468592369693,"C027"
2015-12-30,59.9725698865428,"C027"
2015-12-31,99.8850501091519,"C027"
2016-01-01,55.3177464935358,"C027"
2016-01-02,5.70700689168275,"C027"
2016-01-03,11.1694320568637,"C027"
2016-01-04,11.0421603423151,"C027"
2016-01-05,34.578179923402,"C027"
2016-01-06,7.95152028805182,"C027"
2016-01-07,101.370286238794,"C027"
2016-01-08,17.7885790638266,"C027"
2016-01-09,98.3263691890141,"C027"
2016-01-10,107.984074196104,"C027"
2016-01-11,133.638663441048,"C027"
2016-01-12,67.0508402918731,"C027"
2016-01-13,71.5831937926815,"C027"
2016-01-14,90.7210969352096,"C027"
2016-01-15,109.595018552579,"C027"
2016-01-16,80.3970609396998,"C027"
2016-01-17,12.7658976675099,"C027"
2016-01-18,7.96337952018496,"C027"
2016-01-19,39.7662046035514,"C027"
2016-01-20,30.3524328931634,"C027"
2016-01-21,58.3267339650907,"C027"
2016-01-22,63.5786939809116,"C027"
2016-01-23,52.5128030729393,"C027"
2016-01-24,79.8418144299915,"C027"
2016-01-25,67.0406339174523,"C027"
2016-01-26,6.02956636378491,"C027"
2016-01-27,117.401276314236,"C027"
2016-01-28,40.7532872618718,"C027"
2016-01-29,35.5329617990623,"C027"
2016-01-30,50.9267019594867,"C027"
2016-01-31,52.6051554659169,"C027"
2016-02-01,85.1430028846938,"C027"
2016-02-02,120.874613130067,"C027"
2016-02-03,150.253218876152,"C027"
2016-02-04,115.326139841294,"C027"
2016-02-05,123.146022221971,"C027"
2016-02-06,197.527928160341,"C027"
2016-02-07,130.940613418705,"C027"
2016-02-08,172.800668013646,"C027"
2016-02-09,129.334880145317,"C027"
2016-02-10,73.2570000899331,"C027"
2016-02-11,41.9543435281875,"C027"
2016-02-12,21.7854994264036,"C027"
2016-02-13,50.6855704518068,"C027"
2016-02-14,49.357109526414,"C027"
2016-02-15,56.6580722650038,"C027"
2016-02-16,39.9484366680606,"C027"
2016-02-17,23.2753603643104,"C027"
2016-02-18,8.74221574712058,"C027"
2016-02-19,11.9591031792199,"C027"
2016-02-20,67.0158545468621,"C027"
2016-02-21,69.1023638372222,"C027"
2016-02-22,28.7916512281164,"C027"
2016-02-23,34.279534906892,"C027"
2016-02-24,6.95114416621204,"C027"
2016-02-25,69.5827215622728,"C027"
2016-02-26,13.8289688952384,"C027"
2016-02-27,99.2017387837294,"C027"
2016-02-28,29.3036081655714,"C027"
2016-02-29,38.6717497093653,"C027"
2016-03-01,19.0920047886671,"C027"
2016-03-02,11.4702335207102,"C027"
2016-03-03,40.4966462568686,"C027"
2016-03-04,137.843576382797,"C027"
2016-03-05,80.8963363275929,"C027"
2016-03-06,63.7579980177536,"C027"
2016-03-07,72.910707203152,"C027"
2016-03-08,20.383171390732,"C027"
2016-03-09,20.6044430143458,"C027"
2016-03-10,27.305119587239,"C027"
2016-03-11,18.0058197609469,"C027"
2016-03-12,14.6027107774883,"C027"
2016-03-13,67.2558825002129,"C027"
2016-03-14,51.5139571393876,"C027"
2016-03-15,41.8277118981444,"C027"
2016-03-16,64.8189070102848,"C027"
2016-03-17,7.5228010728721,"C027"
2016-03-18,45.6869518800674,"C027"
2016-03-19,65.3698527188911,"C027"
2016-03-20,125.486658119504,"C027"
2016-03-21,160.466801269675,"C027"
2016-03-22,18.0146129924682,"C027"
2016-03-23,36.7775582642347,"C027"
2016-03-24,50.9004949145672,"C027"
2016-03-25,62.8213600388183,"C027"
2016-03-26,89.7265329353703,"C027"
2016-03-27,39.7248537495032,"C027"
2016-03-28,24.3922573969218,"C027"
2016-03-29,78.0149432035669,"C027"
2016-03-30,102.573337450629,"C027"
2016-03-31,114.512584144617,"C027"
2016-04-01,192.72669014211,"C027"
2016-04-02,197.527928160341,"C027"
2016-04-03,191.159692385913,"C027"
2016-04-04,82.046377081193,"C027"
2016-04-05,92.3574290662483,"C027"
2016-04-06,92.2245948855444,"C027"
2016-04-07,93.9362853131471,"C027"
2016-04-08,165.221584178556,"C027"
2016-04-09,58.0672049368759,"C027"
2016-04-10,11.9554543568951,"C027"
2016-04-11,6.54891830323408,"C027"
2016-04-12,48.4074325428471,"C027"
2016-04-13,32.4552127941959,"C027"
2016-04-14,51.0666206296418,"C027"
2016-04-15,52.7150123603789,"C027"
2016-04-16,86.6010010301415,"C027"
2016-04-17,42.6964787730113,"C027"
2016-04-18,173.321545678823,"C027"
2016-04-19,65.0878563869047,"C027"
2016-04-20,78.6365495061258,"C027"
2016-04-21,14.4816880135669,"C027"
2016-04-22,87.5860059803955,"C027"
2016-04-23,96.9045877683231,"C027"
2016-04-24,120.189027326063,"C027"
2016-04-25,184.086407682395,"C027"
2016-04-26,5.38128217240669,"C027"
2016-04-27,10.6768158080166,"C027"
2016-04-28,121.234339803521,"C027"
2016-04-29,89.8937664900418,"C027"
2016-04-30,54.3107816897129,"C027"
2016-05-01,66.1994134086961,"C027"
2016-05-02,108.828343091617,"C027"
2016-05-03,49.7853693904558,"C027"
2016-05-04,89.2667841222467,"C027"
2016-05-05,60.2534054308788,"C027"
2016-05-06,29.5584858859827,"C027"
2016-05-07,69.3975209392835,"C027"
2016-05-08,78.1726871890953,"C027"
2016-05-09,83.9134447832779,"C027"
2016-05-10,131.494626302737,"C027"
2016-05-11,91.8408483039723,"C027"
2016-05-12,52.3856902018962,"C027"
2016-05-13,34.7601513076871,"C027"
2016-05-14,93.0044631659362,"C027"
2016-05-15,11.9327542404986,"C027"
2016-05-16,28.9980124298308,"C027"
2016-05-17,43.7224729382252,"C027"
2016-05-18,197.527928160341,"C027"
2016-05-19,161.957118857392,"C027"
2016-05-20,181.495097353321,"C027"
2016-05-21,59.582356870051,"C027"
2016-05-22,65.1387447231633,"C027"
2016-05-23,5.44196597091519,"C027"
2016-05-24,47.9008668374464,"C027"
2016-05-25,53.226629990051,"C027"
2016-05-26,92.6111169529917,"C027"
2016-05-27,94.3502210121123,"C027"
2016-05-28,30.2387676131479,"C027"
2016-05-29,35.5708906402093,"C027"
2016-05-30,63.5699338105155,"C027"
2016-05-31,158.57016252548,"C027"
2016-06-01,47.5550262258937,"C027"
2016-06-02,20.8355688082457,"C027"
2016-06-03,151.291112594835,"C027"
2016-06-04,46.5315902907898,"C027"
2016-06-05,69.4661929886949,"C027"
2016-06-06,8.34439017025765,"C027"
2016-06-07,58.055555982238,"C027"
2016-06-08,83.990673232838,"C027"
2016-06-09,10.0005090170562,"C027"
2016-06-10,169.759505707767,"C027"
2016-06-11,73.4370655556891,"C027"
2016-06-12,101.633178135931,"C027"
2016-06-13,55.8674973560316,"C027"
2016-06-14,64.5084127581356,"C027"
2016-06-15,137.38757412016,"C027"
2016-06-16,66.497153867161,"C027"
2016-06-17,69.864253555184,"C027"
2016-06-18,90.4550492799404,"C027"
2016-06-19,175.680785558821,"C027"
2016-06-20,138.999277474063,"C027"
2016-06-21,58.9746568081521,"C027"
2016-06-22,106.13013851124,"C027"
2016-06-23,119.356544898602,"C027"
2016-06-24,129.647336597945,"C027"
2016-06-25,24.0292188395693,"C027"
2016-06-26,60.7305070825284,"C027"
2016-06-27,52.6539009176205,"C027"
2016-06-28,102.515654072137,"C027"
2016-06-29,106.910060931851,"C027"
2016-06-30,91.1480702756224,"C027"
2016-07-01,51.840683139388,"C027"
2016-07-02,53.4045369800592,"C027"
2016-07-03,45.1174362405641,"C027"
2016-07-04,20.7918787648439,"C027"
2016-07-05,40.1860685266876,"C027"
2016-07-06,7.22612335838328,"C027"
2016-07-07,25.0236768825031,"C027"
2016-07-08,22.9454998836605,"C027"
2016-07-09,8.75259552132447,"C027"
2016-07-10,25.4055523111811,"C027"
2016-07-11,117.515899230991,"C027"
2016-07-12,6.91708818691614,"C027"
2016-07-13,33.1533268787702,"C027"
2016-07-14,25.8104148506738,"C027"
2016-07-15,142.093235841192,"C027"
2016-07-16,85.0166748742326,"C027"
2016-07-17,41.3091732822857,"C027"
2016-07-18,153.192999684519,"C027"
2016-07-19,46.7493415387467,"C027"
2016-07-20,100.399571590748,"C027"
2016-07-21,158.087735371989,"C027"
2016-07-22,30.0955938745082,"C027"
2016-07-23,157.941884381519,"C027"
2016-07-24,105.165562396067,"C027"
2016-07-25,76.222114283465,"C027"
2016-07-26,35.9848613132892,"C027"
2016-07-27,69.2761863308525,"C027"
2016-07-28,6.98066436474007,"C027"
2016-07-29,24.4953032772797,"C027"
2016-07-30,9.73549139435291,"C027"
2016-07-31,26.1008896420925,"C027"
2016-08-01,50.9984690185188,"C027"
2016-08-02,45.4105660529444,"C027"
2016-08-03,17.3015046797009,"C027"
2016-08-04,92.7668717122257,"C027"
2016-08-05,76.0577314540872,"C027"
2016-08-06,67.3640979714848,"C027"
2016-08-07,90.0824094302944,"C027"
2016-08-08,13.4964405387688,"C027"
2016-08-09,66.4204419527286,"C027"
2016-08-10,55.8017919251757,"C027"
2016-08-11,13.1459399646624,"C027"
2016-08-12,5.55134109023886,"C027"
2016-08-13,45.1881927738967,"C027"
2016-08-14,13.3220156871205,"C027"
2016-08-15,35.6295260247533,"C027"
2016-08-16,33.9056055046574,"C027"
2016-08-17,29.5334713589638,"C027"
2016-08-18,29.207200627607,"C027"
2016-08-19,63.5591828306193,"C027"
2016-08-20,11.4180069279211,"C027"
2016-08-21,64.3844383313726,"C027"
2016-08-22,66.6764607825704,"C027"
2016-08-23,31.0499918467411,"C027"
2016-08-24,35.0497220394171,"C027"
2016-08-25,120.021796377935,"C027"
2016-08-26,13.9231982371988,"C027"
2016-08-27,68.1277443711322,"C027"
2016-08-28,102.606017131872,"C027"
2016-08-29,51.2730873516409,"C027"
2016-08-30,116.862159312129,"C027"
2016-08-31,68.5698885820589,"C027"
2016-09-01,35.6678277305193,"C027"
2016-09-02,115.377616569616,"C027"
2016-09-03,70.937900568199,"C027"
2016-09-04,65.1354424241497,"C027"
2016-09-05,35.1320544711402,"C027"
2016-09-06,32.636770304435,"C027"
2016-09-07,52.9488623225414,"C027"
2016-09-08,64.5282909855755,"C027"
2016-09-09,62.4515289957171,"C027"
2016-09-10,8.98960566439867,"C027"
2016-09-11,16.9122015466752,"C027"
2016-09-12,41.0510201548389,"C027"
2016-09-13,31.5749370924448,"C027"
2016-09-14,39.1829510870694,"C027"
2016-09-15,59.8034215896866,"C027"
2016-09-16,107.201612353082,"C027"
2016-09-17,26.9535001400086,"C027"
2016-09-18,23.5276416067621,"C027"
2016-09-19,35.6915709075673,"C027"
2016-09-20,62.5976311645956,"C027"
2016-09-21,6.88571473781119,"C027"
2016-09-22,87.4648362153802,"C027"
2016-09-23,115.515497942613,"C027"
2016-09-24,46.4940256980247,"C027"
2016-09-25,39.9823632301585,"C027"
2016-09-26,32.5323034024239,"C027"
2016-09-27,40.5757872207897,"C027"
2016-09-28,18.8002596804437,"C027"
2016-09-29,37.62645740699,"C027"
2016-09-30,14.6557591738454,"C027"
2016-10-01,52.0436164900522,"C027"
2016-10-02,39.4415426714546,"C027"
2016-10-03,38.5543514257741,"C027"
2016-10-04,6.63514249543137,"C027"
2016-10-05,6.26783242218267,"C027"
2016-10-06,3.7055340346631,"C027"
2016-10-07,44.2332315348848,"C027"
2016-10-08,8.32415550773018,"C027"
2016-10-09,29.1884442545356,"C027"
2016-10-10,67.7665363629729,"C027"
2016-10-11,27.1104558063715,"C027"
2016-10-12,20.5075026320443,"C027"
2016-10-13,39.7170812706469,"C027"
2016-10-14,27.9416747427383,"C027"
2016-10-15,29.585236862277,"C027"
2016-10-16,45.8002006506929,"C027"
2016-10-17,9.02777252717642,"C027"
2016-10-18,43.1179759639588,"C027"
2016-10-19,84.0230523088928,"C027"
2016-10-20,58.6046360793233,"C027"
2016-10-21,50.2185661996862,"C027"
2016-10-22,33.3714792417681,"C027"
2016-10-23,2.8444942473537,"C027"
2016-10-24,48.799611814866,"C027"
2016-10-25,3.09786389996945,"C027"
2016-10-26,28.1344248580216,"C027"
2016-10-27,59.7078171886637,"C027"
2016-10-28,12.5225863472133,"C027"
2016-10-29,6.07255973168663,"C027"
2016-10-30,56.2580548545453,"C027"
2016-10-31,6.96369497031368,"C027"
2016-11-01,43.9485811246444,"C027"
2016-11-02,45.4368931196098,"C027"
2016-11-03,29.5964023236018,"C027"
2016-11-04,26.951985452132,"C027"
2016-11-05,25.9633753758756,"C027"
2016-11-06,17.6118058959844,"C027"
2016-11-07,44.3910691667799,"C027"
2016-11-08,15.8627210698065,"C027"
2016-11-09,29.6370479084517,"C027"
2016-11-10,44.8064673980845,"C027"
2016-11-11,16.374510694717,"C027"
2016-11-12,20.0395577308436,"C027"
2016-11-13,12.1509280534196,"C027"
2016-11-14,29.9793131303209,"C027"
2016-11-15,72.0043849275906,"C027"
2016-11-16,25.4714957015257,"C027"
2016-11-17,54.7879414963199,"C027"
2016-11-18,31.4549038612736,"C027"
2016-11-19,8.08808644787226,"C027"
2016-11-20,72.5612643361566,"C027"
2016-11-21,64.4924817024579,"C027"
2016-11-22,129.295529177244,"C027"
2016-11-23,29.2930817711459,"C027"
2016-11-24,49.9334117500963,"C027"
2016-11-25,176.964875414353,"C027"
2016-11-26,31.3250457169369,"C027"
2016-11-27,37.4910226459211,"C027"
2016-11-28,38.7356964305585,"C027"
2016-11-29,163.053165397164,"C027"
2016-11-30,39.9237418826403,"C027"
2016-12-01,59.717466730401,"C027"
2016-12-02,60.5037865807023,"C027"
2016-12-03,61.1128717057462,"C027"
2016-12-04,182.642423861073,"C027"
2016-12-05,115.431172744354,"C027"
2016-12-06,129.925953194002,"C027"
2016-12-07,197.527928160341,"C027"
2016-12-08,197.527928160341,"C027"
2016-12-09,197.527928160341,"C027"
2016-12-10,144.233734876464,"C027"
2016-12-11,197.527928160341,"C027"
2016-12-12,197.527928160341,"C027"
2016-12-13,143.854971109933,"C027"
2016-12-14,174.156032625148,"C027"
2016-12-15,71.581235776821,"C027"
2016-12-16,197.527928160341,"C027"
2016-12-17,197.527928160341,"C027"
2016-12-18,69.3252608434762,"C027"
2016-12-19,178.792142487958,"C027"
2016-12-20,94.8587708268535,"C027"
2016-12-21,136.629886437923,"C027"
2016-12-22,67.0315229798279,"C027"
2016-12-23,194.360847195597,"C027"
2016-12-24,189.563178727982,"C027"
2016-12-25,192.878528830248,"C027"
2016-12-26,104.857393471279,"C027"
2016-12-27,39.1125788945055,"C027"
2016-12-28,26.6160678101113,"C027"
2016-12-29,8.58382563360164,"C027"
2016-12-30,44.7986202295221,"C027"
2016-12-31,51.6990025056632,"C027"
2017-01-01,67.9019684409291,"C027"
2017-01-02,19.5533724759931,"C027"
2017-01-03,18.2810330866535,"C027"
2017-01-04,45.7808767073382,"C027"
2017-01-05,36.7014556306139,"C027"
2017-01-06,34.1256499396412,"C027"
2017-01-07,30.9923583487184,"C027"
2017-01-08,25.6237014217814,"C027"
2017-01-09,26.9366714687252,"C027"
2017-01-10,48.4184690737073,"C027"
2017-01-11,76.3369779135194,"C027"
2017-01-12,79.6227504801856,"C027"
2017-01-13,28.4205370014924,"C027"
2017-01-14,43.6308059042519,"C027"
2017-01-15,32.0289276158065,"C027"
2017-01-16,26.4807435281935,"C027"
2017-01-17,88.1459638103474,"C027"
2017-01-18,34.4957190096468,"C027"
2017-01-19,152.623244761827,"C027"
2017-01-20,22.8432318895916,"C027"
2017-01-21,48.6312228523521,"C027"
2017-01-22,197.527928160341,"C027"
2017-01-23,163.291083529691,"C027"
2017-01-24,26.1630757450892,"C027"
2017-01-25,34.6473616129484,"C027"
2017-01-26,21.2552913070114,"C027"
2017-01-27,32.6647443364505,"C027"
2017-01-28,46.000305629793,"C027"
2017-01-29,33.7152474964293,"C027"
2017-01-30,102.093138309122,"C027"
2017-01-31,76.4495599520426,"C027"
2017-02-01,29.2602550004078,"C027"
2017-02-02,52.2822341853637,"C027"
2017-02-03,72.9046072482694,"C027"
2017-02-04,22.2638799584607,"C027"
2017-02-05,44.1113261712635,"C027"
2017-02-06,37.8147219084556,"C027"
2017-02-07,65.9170021296233,"C027"
2017-02-08,164.514186112409,"C027"
2017-02-09,120.300196889497,"C027"
2017-02-10,40.0657783850943,"C027"
2017-02-11,27.5016125951307,"C027"
2017-02-12,48.5822534536259,"C027"
2017-02-13,14.9346053199205,"C027"
2017-02-14,11.3805131095015,"C027"
2017-02-15,108.559428756972,"C027"
2017-02-16,27.1739869836809,"C027"
2017-02-17,73.460369508092,"C027"
2017-02-18,61.2220008529814,"C027"
2017-02-19,3.06700537378724,"C027"
2017-02-20,34.8196293857732,"C027"
2017-02-21,72.2593072659869,"C027"
2017-02-22,35.2947331672083,"C027"
2017-02-23,73.8091777550777,"C027"
2017-02-24,3.80858171087304,"C027"
2017-02-25,11.1220563487368,"C027"
2017-02-26,45.4673125402513,"C027"
2017-02-27,24.0355945135235,"C027"
2017-02-28,37.1850670552048,"C027"
2017-03-01,20.3483405138588,"C027"
2017-03-02,34.8975813548465,"C027"
2017-03-03,4.9183477014979,"C027"
2017-03-04,28.0972172664548,"C027"
2017-03-05,8.68252768979691,"C027"
2017-03-06,8.70921095800687,"C027"
2017-03-07,7.69225969373572,"C027"
2017-03-08,21.6113627290039,"C027"
2017-03-09,40.7666864467178,"C027"
2017-03-10,9.778920632448,"C027"
2017-03-11,12.3610375947054,"C027"
2017-03-12,70.4941522295614,"C027"
2017-03-13,40.6363411049155,"C027"
2017-03-14,89.0174294890939,"C027"
2017-03-15,59.845993926065,"C027"
2017-03-16,82.082516860724,"C027"
2017-03-17,45.8694942569143,"C027"
2017-03-18,96.0917059359387,"C027"
2017-03-19,53.517789059104,"C027"
2017-03-20,65.3265163927903,"C027"
2017-03-21,20.1854441509789,"C027"
2017-03-22,42.0917430186308,"C027"
2017-03-23,42.1833472375276,"C027"
2017-03-24,38.4892251024201,"C027"
2017-03-25,100.678081494814,"C027"
2017-03-26,40.6026303905357,"C027"
2017-03-27,41.376784254245,"C027"
2017-03-28,20.5089671971999,"C027"
2017-03-29,96.2617981826573,"C027"
2017-03-30,14.9494608674793,"C027"
2017-03-31,61.8913773705444,"C027"
2017-04-01,44.0149278999069,"C027"
2017-04-02,61.1263844217324,"C027"
2017-04-03,42.0597893579464,"C027"
2017-04-04,119.411308808028,"C027"
2017-04-05,56.7500103430497,"C027"
2017-04-06,14.5785029981693,"C027"
2017-04-07,26.1685429984588,"C027"
2017-04-08,36.5284773767643,"C027"
2017-04-09,110.144818663753,"C027"
2017-04-10,53.4695860341552,"C027"
2017-04-11,31.1204174944226,"C027"
2017-04-12,5.45923533536262,"C027"
2017-04-13,35.7721477162845,"C027"
2017-04-14,57.0773724376144,"C027"
2017-04-15,40.5365998815415,"C027"
2017-04-16,122.667537887588,"C027"
2017-04-17,75.4684974985455,"C027"
2017-04-18,45.3319005416055,"C027"
2017-04-19,22.8798202312173,"C027"
2017-04-20,27.2496416197304,"C027"
2017-04-21,78.5520642712964,"C027"
2017-04-22,12.5149837428721,"C027"
2017-04-23,17.380860944102,"C027"
2017-04-24,53.1372940809385,"C027"
2017-04-25,131.558781359249,"C027"
2017-04-26,124.168194283011,"C027"
2017-04-27,157.199861292374,"C027"
2017-04-28,120.034842759821,"C027"
2017-04-29,184.41251970844,"C027"
2017-04-30,197.527928160341,"C027"
2017-05-01,76.1739360629807,"C027"
2017-05-02,65.4926712533177,"C027"
2017-05-03,118.437083173058,"C027"
2017-05-04,130.224498923958,"C027"
2017-05-05,90.0781378189609,"C027"
2017-05-06,136.984709177455,"C027"
2017-05-07,61.0747107369947,"C027"
2017-05-08,87.7377171071471,"C027"
2017-05-09,142.733701177266,"C027"
2017-05-10,59.5784299282252,"C027"
2017-05-11,116.417310383665,"C027"
2017-05-12,94.5514878941361,"C027"
2017-05-13,94.0812896873344,"C027"
2017-05-14,137.657576720562,"C027"
2017-05-15,27.117378956926,"C027"
2017-05-16,63.5290037449435,"C027"
2017-05-17,48.5009926014461,"C027"
2017-05-18,17.7648770920086,"C027"
2017-05-19,30.1245125517815,"C027"
2017-05-20,50.1510489947211,"C027"
2017-05-21,83.2019313928949,"C027"
2017-05-22,60.0942175666998,"C027"
2017-05-23,31.9823078280435,"C027"
2017-05-24,20.5387981644603,"C027"
2017-05-25,25.704299604024,"C027"
2017-05-26,93.1751103964851,"C027"
2017-05-27,13.2300203009672,"C027"
2017-05-28,25.2336846992902,"C027"
2017-05-29,42.5196856370691,"C027"
2017-05-30,44.9468494958898,"C027"
2017-05-31,17.4995204720681,"C027"
2017-06-01,29.5254710585559,"C027"
2017-06-02,2.06282672047882,"C027"
2017-06-03,2.34954139957857,"C027"
2017-06-04,3.55260039668584,"C027"
2017-06-05,10.9675765360285,"C027"
2017-06-06,14.9652184662779,"C027"
2017-06-07,22.3802476373441,"C027"
2017-06-08,4.3023155958232,"C027"
2017-06-09,16.5001742601723,"C027"
2017-06-10,33.2877111755132,"C027"
2017-06-11,80.3407113717892,"C027"
2017-06-12,19.5987970105309,"C027"
2017-06-13,37.7239967220987,"C027"
2017-06-14,5.60270207554913,"C027"
2017-06-15,71.3769209796805,"C027"
2017-06-16,42.7717288524705,"C027"
2017-06-17,131.182784600432,"C027"
2017-06-18,99.1300130917366,"C027"
2017-06-19,57.7416419723378,"C027"
2017-06-20,44.8490145581801,"C027"
2017-06-21,80.7933784174083,"C027"
2017-06-22,54.7464453817312,"C027"
2017-06-23,153.912778270904,"C027"
2017-06-24,163.173515274414,"C027"
2017-06-25,105.447933572745,"C027"
2017-06-26,153.727661253446,"C027"
2017-06-27,107.933490469373,"C027"
2017-06-28,118.641055017061,"C027"
2017-06-29,69.2380827403883,"C027"
2017-06-30,33.1435550345118,"C027"
2017-07-01,64.5676127923551,"C027"
2017-07-02,67.6310537208564,"C027"
2017-07-03,20.5747649354318,"C027"
2017-07-04,106.180598842625,"C027"
2017-07-05,65.9830850810174,"C027"
2017-07-06,57.1102554790178,"C027"
2017-07-07,92.1693390140391,"C027"
2017-07-08,95.5023088840645,"C027"
2017-07-09,102.448013002566,"C027"
2017-07-10,129.510688965848,"C027"
2017-07-11,197.527928160341,"C027"
2017-07-12,85.1222363346823,"C027"
2017-07-13,152.728544843747,"C027"
2017-07-14,76.2418725506758,"C027"
2017-07-15,19.3410678438134,"C027"
2017-07-16,40.0872681200283,"C027"
2017-07-17,57.6289149170048,"C027"
2017-07-18,84.1454389751659,"C027"
2017-07-19,99.90643131225,"C027"
2017-07-20,81.4654726658141,"C027"
2017-07-21,93.9100280939656,"C027"
2017-07-22,30.972006090064,"C027"
2017-07-23,19.6531035603252,"C027"
2017-07-24,99.6497637903713,"C027"
2017-07-25,116.793191636729,"C027"
2017-07-26,130.442971896967,"C027"
2017-07-27,71.1429144574936,"C027"
2017-07-28,83.6460262099679,"C027"
2017-07-29,125.033199835994,"C027"
2017-07-30,103.045856660322,"C027"
2017-07-31,143.34249794385,"C027"
2017-08-01,93.6871763779832,"C027"
2017-08-02,132.315892951269,"C027"
2017-08-03,172.293841047434,"C027"
2017-08-04,40.8548792496704,"C027"
2017-08-05,111.775851063704,"C027"
2017-08-06,9.28778226476751,"C027"
2017-08-07,52.6416989665286,"C027"
2017-08-08,49.2302241394951,"C027"
2017-08-09,23.3039719876691,"C027"
2017-08-10,51.9892753456596,"C027"
2017-08-11,60.8435097737391,"C027"
2017-08-12,55.7995129963464,"C027"
2017-08-13,66.861401473781,"C027"
2017-08-14,29.7041840854371,"C027"
2017-08-15,29.0256006753994,"C027"
2017-08-16,15.9047423039716,"C027"
2017-08-17,27.0090116154297,"C027"
2017-08-18,81.7124571418015,"C027"
2017-08-19,91.7604267300791,"C027"
2017-08-20,110.610921304457,"C027"
2017-08-21,40.20950591797,"C027"
2017-08-22,11.0572634107857,"C027"
2017-08-23,30.1374434591017,"C027"
2017-08-24,60.6562892639298,"C027"
2017-08-25,40.2961343957889,"C027"
2017-08-26,194.467751173627,"C027"
2017-08-27,32.6718443116258,"C027"
2017-08-28,24.0758492062719,"C027"
2017-08-29,53.8903102583947,"C027"
2017-08-30,72.9855518200337,"C027"
2017-08-31,67.0631215111812,"C027"
2017-09-01,188.72276879866,"C027"
2017-09-02,196.549820878663,"C027"
2017-09-03,35.1457592574539,"C027"
2017-09-04,71.5526513087724,"C027"
2017-09-05,42.4213304977004,"C027"
2017-09-06,41.1485246947096,"C027"
2017-09-07,127.935853608101,"C027"
2017-09-08,62.0645337398768,"C027"
2017-09-09,50.5762575643913,"C027"
2017-09-10,70.7140125783622,"C027"
2017-09-11,80.4467760060383,"C027"
2017-09-12,40.5058733296617,"C027"
2017-09-13,92.7218473352912,"C027"
2017-09-14,109.65020148117,"C027"
2017-09-15,89.699577424982,"C027"
2017-09-16,127.67578461546,"C027"
2017-09-17,48.7769840936566,"C027"
2017-09-18,67.4299857018761,"C027"
2017-09-19,33.2697221801115,"C027"
2017-09-20,79.4976741228179,"C027"
2017-09-21,62.8428734136362,"C027"
2017-09-22,61.3425324467289,"C027"
2017-09-23,128.607896461113,"C027"
2017-09-24,116.236094080367,"C027"
2017-09-25,87.2647419573465,"C027"
2017-09-26,59.1341602181326,"C027"
2017-09-27,51.1686967375427,"C027"
2017-09-28,40.3481961240903,"C027"
2017-09-29,197.527928160341,"C027"
2017-09-30,31.2682402597881,"C027"
2017-10-01,80.4811820111943,"C027"
2017-10-02,197.527928160341,"C027"
2017-10-03,161.388140399184,"C027"
2017-10-04,109.103019609809,"C027"
2017-10-05,26.6003071624559,"C027"
2017-10-06,8.44613049384517,"C027"
2017-10-07,10.8063892167141,"C027"
2017-10-08,50.1239714239994,"C027"
2017-10-09,41.1203107173743,"C027"
2017-10-10,21.7316767485249,"C027"
2017-10-11,8.12407935851856,"C027"
2017-10-12,122.814738536792,"C027"
2017-10-13,86.2740913520356,"C027"
2017-10-14,123.741120188878,"C027"
2017-10-15,27.5240068150991,"C027"
2017-10-16,13.5566817345691,"C027"
2017-10-17,25.9989405724587,"C027"
2017-10-18,43.8007957532851,"C027"
2017-10-19,18.6981714445609,"C027"
2017-10-20,31.7821686753477,"C027"
2017-10-21,113.312138565392,"C027"
2017-10-22,115.932677231871,"C027"
2017-10-23,29.2255645414964,"C027"
2017-10-24,92.6658602145009,"C027"
2017-10-25,93.0893536774758,"C027"
2017-10-26,78.614203025449,"C027"
2017-10-27,110.970942415168,"C027"
2017-10-28,109.315594128027,"C027"
2017-10-29,63.2108231716892,"C027"
2017-10-30,197.527928160341,"C027"
2017-10-31,197.527928160341,"C027"
2017-11-01,136.825130478701,"C027"
2017-11-02,103.635752777127,"C027"
2017-11-03,40.2714566067837,"C027"
2017-11-04,79.0367907155658,"C027"
2017-11-05,91.7692484956064,"C027"
2017-11-06,109.230776855289,"C027"
2017-11-07,108.86610271396,"C027"
2017-11-08,132.564556407763,"C027"
2017-11-09,68.5647711680609,"C027"
2017-11-10,158.723352522734,"C027"
2017-11-11,56.4066816607577,"C027"
2017-11-12,33.7739988580991,"C027"
2017-11-13,12.9694577810144,"C027"
2017-11-14,40.49528257621,"C027"
2017-11-15,18.5330128074374,"C027"
2017-11-16,26.6482233652259,"C027"
2017-11-17,114.895884475957,"C027"
2017-11-18,87.6349290829372,"C027"
2017-11-19,70.770885717249,"C027"
2017-11-20,48.7555574149311,"C027"
2017-11-21,83.8024388127711,"C027"
2017-11-22,60.1738823257588,"C027"
2017-11-23,192.632344665579,"C027"
2017-11-24,58.763189104136,"C027"
2017-11-25,41.3490237124767,"C027"
2017-11-26,53.8685467933282,"C027"
2017-11-27,43.8556084979567,"C027"
2017-11-28,44.8188072111559,"C027"
2017-11-29,101.617812302769,"C027"
2017-11-30,105.008421648165,"C027"
2017-12-01,164.160508895993,"C027"
2017-12-02,110.346316304673,"C027"
2017-12-03,158.637888717109,"C027"
2017-12-04,108.169678153559,"C027"
2017-12-05,31.64516127672,"C027"
2017-12-06,120.385285403723,"C027"
2017-12-07,121.13835290614,"C027"
2017-12-08,13.2512221098822,"C027"
2017-12-09,28.9329130390967,"C027"
2017-12-10,10.1297492627768,"C027"
2017-12-11,14.4612834983011,"C027"
2017-12-12,43.481269795397,"C027"
2017-12-13,43.6829340933889,"C027"
2017-12-14,17.345039783491,"C027"
2017-12-15,84.6672160632153,"C027"
2017-12-16,65.7442917044707,"C027"
2017-12-17,39.5485813427323,"C027"
2017-12-18,52.0728581106084,"C027"
2017-12-19,32.3580959773871,"C027"
2017-12-20,37.2072158852342,"C027"
2017-12-21,13.2080212859637,"C027"
2017-12-22,11.1231774210731,"C027"
2017-12-23,5.34035178624756,"C027"
2017-12-24,89.6298162760944,"C027"
2017-12-25,105.021294269335,"C027"
2017-12-26,19.127355858862,"C027"
2017-12-27,34.072927221288,"C027"
2017-12-28,28.0433573191053,"C027"
2017-12-29,32.4592241874535,"C027"
2017-12-30,39.6287351672189,"C027"
2017-12-31,21.1412427562568,"C027"
2018-01-01,69.3361300903651,"C027"
2018-01-02,12.8814511810216,"C027"
2018-01-03,81.6056423369974,"C027"
2018-01-04,38.0797583990349,"C027"
2018-01-05,84.612795060706,"C027"
2018-01-06,37.8805847166798,"C027"
2018-01-07,16.64871365805,"C027"
2018-01-08,25.3849741066284,"C027"
2018-01-09,49.1777000494899,"C027"
2018-01-10,122.698728691549,"C027"
2018-01-11,21.9786341867125,"C027"
2018-01-12,80.2759665362553,"C027"
2018-01-13,43.1405136326766,"C027"
2018-01-14,21.1366972189106,"C027"
2018-01-15,8.73998591414622,"C027"
2018-01-16,141.32936361636,"C027"
2018-01-17,114.64072098696,"C027"
2018-01-18,27.0313794951262,"C027"
2018-01-19,88.3109943121226,"C027"
2018-01-20,120.964378516425,"C027"
2018-01-21,99.0634401063674,"C027"
2018-01-22,58.0378292429901,"C027"
2018-01-23,114.714890882033,"C027"
2018-01-24,47.7123001063379,"C027"
2018-01-25,5.82873480058052,"C027"
2018-01-26,45.9721349010433,"C027"
2018-01-27,66.1328668132315,"C027"
2018-01-28,21.6344332784324,"C027"
2018-01-29,24.4221668305761,"C027"
2018-01-30,23.9658455167601,"C027"
2018-01-31,19.2462550175743,"C027"
2018-02-01,55.0901106099086,"C027"
2018-02-02,25.2741022504423,"C027"
2018-02-03,66.6672820743711,"C027"
2018-02-04,95.2386213649587,"C027"
2018-02-05,102.088979047787,"C027"
2018-02-06,46.8563450250782,"C027"
2018-02-07,55.462862119626,"C027"
2018-02-08,24.3098892117298,"C027"
2018-02-09,22.9396249725268,"C027"
2018-02-10,3.15561603836189,"C027"
2018-02-11,18.6619780894718,"C027"
2018-02-12,30.3297436711319,"C027"
2018-02-13,72.6929960507689,"C027"
2018-02-14,141.607943362313,"C027"
2018-02-15,102.084746588149,"C027"
2018-02-16,9.96437767256276,"C027"
2018-02-17,37.3712560887952,"C027"
2018-02-18,23.9593225663037,"C027"
2018-02-19,191.413478821181,"C027"
2018-02-20,7.56533270381579,"C027"
2018-02-21,87.381989933872,"C027"
2018-02-22,66.625237344943,"C027"
2018-02-23,78.6207461486515,"C027"
2018-02-24,11.5462769650401,"C027"
2018-02-25,2.22977723663441,"C027"
2018-02-26,2.78027847654284,"C027"
2018-02-27,32.223930239542,"C027"
2018-02-28,41.964496748335,"C027"
2018-03-01,28.8125816914451,"C027"
2018-03-02,28.3859766958363,"C027"
2018-03-03,37.4119411396741,"C027"
2018-03-04,59.1462033730269,"C027"
2018-03-05,87.7960430385455,"C027"
2018-03-06,106.560617425262,"C027"
2018-03-07,57.3106749999399,"C027"
2018-03-08,74.0128992122327,"C027"
2018-03-09,22.3258306902488,"C027"
2018-03-10,77.1379094408356,"C027"
2018-03-11,5.29656091058961,"C027"
2018-03-12,6.31862930274604,"C027"
2018-03-13,42.8708110583371,"C027"
2018-03-14,30.5898183836673,"C027"
2018-03-15,149.505058388211,"C027"
2018-03-16,144.637625075125,"C027"
2018-03-17,94.8028922363452,"C027"
2018-03-18,64.2320774364657,"C027"
2018-03-19,78.3736952702183,"C027"
2018-03-20,29.4185263192321,"C027"
2018-03-21,18.4841674723166,"C027"
2018-03-22,44.4863937358443,"C027"
2018-03-23,15.8963995245625,"C027"
2018-03-24,12.3528968073221,"C027"
2018-03-25,32.46519212982,"C027"
2018-03-26,12.0283386046949,"C027"
2018-03-27,76.6463390627199,"C027"
2018-03-28,3.51001544330422,"C027"
2018-03-29,32.5704961410809,"C027"
2018-03-30,24.3389542791648,"C027"
2018-03-31,4.76743646153436,"C027"
2018-04-01,7.59749920930074,"C027"
2018-04-02,43.7409920745483,"C027"
2018-04-03,10.0260127234521,"C027"
2018-04-04,35.5644133427249,"C027"
2018-04-05,54.118321597277,"C027"
2018-04-06,40.443773166297,"C027"
2018-04-07,46.6814278557635,"C027"
2018-04-08,22.6923724282575,"C027"
2018-04-09,45.8615820402181,"C027"
2018-04-10,45.5248351438099,"C027"
2018-04-11,92.7932549488768,"C027"
2018-04-12,39.1810085745439,"C027"
2018-04-13,18.6019684657071,"C027"
2018-04-14,66.607348461759,"C027"
2018-04-15,57.829762650913,"C027"
2018-04-16,51.5073729927143,"C027"
2018-04-17,50.977080837632,"C027"
2018-04-18,68.8203118603034,"C027"
2018-04-19,30.4809613868489,"C027"
2018-04-20,47.0392703270278,"C027"
2018-04-21,10.3075824062003,"C027"
2018-04-22,9.92435999537666,"C027"
2018-04-23,3.063984533898,"C027"
2018-04-24,45.2073624991088,"C027"
2018-04-25,22.3400405727858,"C027"
2018-04-26,6.98908062069947,"C027"
2018-04-27,2.69541264065718,"C027"
2018-04-28,14.7291775574501,"C027"
2018-04-29,9.720800495945,"C027"
2018-04-30,59.7784300602297,"C027"
2018-05-01,26.9532193867706,"C027"
2018-05-02,41.3983793374735,"C027"
2018-05-03,38.8374285759234,"C027"
2018-05-04,43.150593878675,"C027"
2018-05-05,44.171052308265,"C027"
2018-05-06,38.1282991360183,"C027"
2018-05-07,16.3579741614887,"C027"
2018-05-08,13.2619192182402,"C027"
2018-05-09,29.4758416455972,"C027"
2018-05-10,21.9447201214504,"C027"
2018-05-11,37.7227544850606,"C027"
2018-05-12,132.180612490119,"C027"
2018-05-13,43.1403720081463,"C027"
2018-05-14,49.987129346546,"C027"
2018-05-15,28.8520901494786,"C027"
2018-05-16,30.5668450263945,"C027"
2018-05-17,21.1979536611116,"C027"
2018-05-18,34.0565685914512,"C027"
2018-05-19,43.0669752553106,"C027"
2018-05-20,44.6538398350514,"C027"
2018-05-21,84.4983943700179,"C027"
2018-05-22,34.8967766079175,"C027"
2018-05-23,37.7960018274348,"C027"
2018-05-24,50.0109428384967,"C027"
2018-05-25,80.9763971795905,"C027"
2018-05-26,39.5730234369348,"C027"
2018-05-27,24.0811494332062,"C027"
2018-05-28,64.5410327143551,"C027"
2018-05-29,64.8378158488067,"C027"
2018-05-30,51.7748105144275,"C027"
2018-05-31,51.7682573439565,"C027"
2018-06-01,77.9502905203499,"C027"
2018-06-02,29.7359161557577,"C027"
2018-06-03,64.0616551151114,"C027"
2018-06-04,160.27405361629,"C027"
2018-06-05,92.7381813667343,"C027"
2018-06-06,62.843066732173,"C027"
2018-06-07,105.394683854778,"C027"
2018-06-08,140.44782600954,"C027"
2018-06-09,80.272597969455,"C027"
2018-06-10,22.5685721242409,"C027"
2018-06-11,52.3435747631363,"C027"
2018-06-12,39.9567066017002,"C027"
2018-06-13,61.2599071595201,"C027"
2018-06-14,62.9644860471823,"C027"
2018-06-15,63.7999523255671,"C027"
2018-06-16,159.172653298628,"C027"
2018-06-17,49.0719561189798,"C027"
2018-06-18,22.7119978789615,"C027"
2018-06-19,30.8269727093563,"C027"
2018-06-20,19.2442340486826,"C027"
2018-06-21,9.10080633209704,"C027"
2018-06-22,5.56605376959566,"C027"
2018-06-23,4.61629074901114,"C027"
2018-06-24,24.4357479823674,"C027"
2018-06-25,15.0056481245966,"C027"
2018-06-26,60.832365916687,"C027"
2018-06-27,10.0161012864776,"C027"
2018-06-28,30.794866393841,"C027"
2018-06-29,43.3584943042828,"C027"
2018-06-30,28.0536485590318,"C027"
2018-07-01,13.2572965348628,"C027"
2018-07-02,6.34339727574348,"C027"
2018-07-03,3.48497811651014,"C027"
2018-07-04,20.8717941570337,"C027"
2018-07-05,10.4879610599119,"C027"
2018-07-06,15.739159577001,"C027"
2018-07-07,91.3573745690988,"C027"
2018-07-08,16.6273111935257,"C027"
2018-07-09,38.5699513205742,"C027"
2018-07-10,65.2095831478893,"C027"
2018-07-11,2.67319689637805,"C027"
2018-07-12,5.17029473399,"C027"
2018-07-13,6.29885290665578,"C027"
2018-07-14,33.6857335274268,"C027"
2018-07-15,33.3594804922191,"C027"
2018-07-16,50.2540119639999,"C027"
2018-07-17,3.49022761692648,"C027"
2018-07-18,38.0995470903112,"C027"
2018-07-19,8.87528284808681,"C027"
2018-07-20,5.28298645775101,"C027"
2018-07-21,24.1985404158308,"C027"
2018-07-22,6.47465097155008,"C027"
2018-07-23,41.151453264639,"C027"
2018-07-24,28.5750498623404,"C027"
2018-07-25,11.2458041995269,"C027"
2018-07-26,11.1816521210456,"C027"
2018-07-27,6.89219393537128,"C027"
2018-07-28,20.2451142431263,"C027"
2018-07-29,55.7817888389257,"C027"
2018-07-30,48.1066031780707,"C027"
2018-07-31,46.5264209669974,"C027"
2018-08-01,18.7766153768171,"C027"
2018-08-02,85.8993296472351,"C027"
2018-08-03,89.9526178365957,"C027"
2018-08-04,69.7195051360433,"C027"
2018-08-05,49.689645446179,"C027"
2018-08-06,18.4672411075498,"C027"
2018-08-07,21.7645100575063,"C027"
2018-08-08,7.48483068645271,"C027"
2018-08-09,2.06282672047882,"C027"
2018-08-10,2.24518644952455,"C027"
2018-08-11,2.68105082165341,"C027"
2018-08-12,3.33423841067434,"C027"
2018-08-13,8.80923837567717,"C027"
2018-08-14,6.15947447752157,"C027"
2018-08-15,27.7039802156107,"C027"
2018-08-16,58.3283435988295,"C027"
2018-08-17,5.49287701170848,"C027"
2018-08-18,5.33731187930797,"C027"
2018-08-19,36.4290583559983,"C027"
2018-08-20,32.414243898181,"C027"
2018-08-21,16.6439206207274,"C027"
2018-08-22,24.7083973127606,"C027"
2018-08-23,51.6659953377193,"C027"
2018-08-24,27.6744231023667,"C027"
2018-08-25,42.7047849533834,"C027"
2018-08-26,23.4567920943672,"C027"
2018-08-27,18.8715654114676,"C027"
2018-08-28,15.9211906966252,"C027"
2018-08-29,64.9112686163022,"C027"
2018-08-30,52.4234476084878,"C027"
2018-08-31,65.3631770417897,"C027"
2018-09-01,22.890287512561,"C027"
2018-09-02,185.79293585032,"C027"
2018-09-03,62.4135210963622,"C027"
2018-09-04,148.221122567897,"C027"
2018-09-05,89.3475961384863,"C027"
2018-09-06,6.27332340151286,"C027"
2018-09-07,62.4905863210837,"C027"
2018-09-08,59.7210621260566,"C027"
2018-09-09,63.4440177998683,"C027"
2018-09-10,36.4318175331253,"C027"
2018-09-11,4.53136918856222,"C027"
2018-09-12,49.9406126241737,"C027"
2018-09-13,3.04020374530111,"C027"
2018-09-14,6.75700495339494,"C027"
2018-09-15,9.74983053065571,"C027"
2018-09-16,3.6440974737509,"C027"
2018-09-17,40.9915062351402,"C027"
2018-09-18,21.1688005687065,"C027"
2018-09-19,8.60014142298803,"C027"
2018-09-20,29.2940245709121,"C027"
2018-09-21,31.150265860717,"C027"
2018-09-22,105.668724654728,"C027"
2018-09-23,17.8963204430332,"C027"
2018-09-24,61.3449288742242,"C027"
2018-09-25,18.8560579880228,"C027"
2018-09-26,3.6143293792234,"C027"
2018-09-27,6.15364498755602,"C027"
2018-09-28,9.83133030842907,"C027"
2018-09-29,15.1301801123898,"C027"
2018-09-30,14.4519134254309,"C027"
2018-10-01,7.3501542743425,"C027"
2018-10-02,44.2121417146838,"C027"
2018-10-03,39.9247180191167,"C027"
2018-10-04,24.8785883775963,"C027"
2018-10-05,46.8598741120901,"C027"
2018-10-06,19.3357681050813,"C027"
2018-10-07,77.3958071734667,"C027"
2018-10-08,197.527928160341,"C027"
2018-10-09,65.460025557127,"C027"
2018-10-10,19.6072414209093,"C027"
2018-10-11,33.5399983731231,"C027"
2018-10-12,90.6486518228348,"C027"
2018-10-13,56.8102255877231,"C027"
2018-10-14,65.1146769043341,"C027"
2018-10-15,7.55367388589416,"C027"
2018-10-16,46.0663614682167,"C027"
2018-10-17,92.4765706552256,"C027"
2018-10-18,22.9420263065875,"C027"
2018-10-19,6.45386443167639,"C027"
2018-10-20,51.5940725619629,"C027"
2018-10-21,32.709291630564,"C027"
2018-10-22,87.7551813841373,"C027"
2018-10-23,174.860130007146,"C027"
2018-10-24,103.406104181757,"C027"
2018-10-25,115.65275891461,"C027"
2018-10-26,104.477434929034,"C027"
2018-10-27,57.3975883398775,"C027"
2018-10-28,27.5758001621163,"C027"
2018-10-29,86.7690158332958,"C027"
2018-10-30,153.031826957648,"C027"
2018-10-31,104.887821983649,"C027"
2018-11-01,21.5813532519635,"C027"
2018-11-02,15.6912666062418,"C027"
2018-11-03,40.2420002754731,"C027"
2018-11-04,34.5309280068665,"C027"
2018-11-05,16.162786963105,"C027"
2018-11-06,18.642936258559,"C027"
2018-11-07,6.50137412852597,"C027"
2018-11-08,2.48718646955365,"C027"
2018-11-09,16.6914554737165,"C027"
2018-11-10,3.89143133621327,"C027"
2018-11-11,3.02113258106824,"C027"
2018-11-12,3.75753996348303,"C027"
2018-11-13,2.09640567157946,"C027"
2018-11-14,4.22246428335209,"C027"
2018-11-15,4.35023951617997,"C027"
2018-11-16,2.06282672047882,"C027"
2018-11-17,11.3474129660975,"C027"
2018-11-18,24.0758941074183,"C027"
2018-11-19,14.71897902166,"C027"
2018-11-20,4.4234258963385,"C027"
2018-11-21,9.93394498163756,"C027"
2018-11-22,5.54650770379638,"C027"
2018-11-23,3.06794707219211,"C027"
2018-11-24,47.948211462077,"C027"
2018-11-25,8.07705454511781,"C027"
2018-11-26,2.76532008307695,"C027"
2018-11-27,2.17025864098047,"C027"
2018-11-28,6.86319905967076,"C027"
2018-11-29,83.2119606112514,"C027"
2018-11-30,101.949964744242,"C027"
2018-12-01,93.8933357730911,"C027"
2018-12-02,85.7823778369827,"C027"
2018-12-03,34.5789834257295,"C027"
2018-12-04,37.643195449248,"C027"
2018-12-05,4.76191666884907,"C027"
2018-12-06,60.9564429558368,"C027"
2018-12-07,27.5059609809196,"C027"
2018-12-08,21.4685195295255,"C027"
2018-12-09,25.3760493729031,"C027"
2018-12-10,3.64831908665362,"C027"
2018-12-11,8.26324373684217,"C027"
2018-12-12,5.49478912282932,"C027"
2018-12-13,18.6195986324677,"C027"
2018-12-14,27.8877309029007,"C027"
2018-12-15,5.4541424652412,"C027"
2018-12-16,58.5113781459626,"C027"
2018-12-17,69.5425049636877,"C027"
2018-12-18,103.281956483813,"C027"
2018-12-19,63.8242967140401,"C027"
2018-12-20,49.746781273018,"C027"
2018-12-21,12.5113891369628,"C027"
2018-12-22,4.82232078785431,"C027"
2018-12-23,15.9355879892997,"C027"
2018-12-24,45.9173352438747,"C027"
2018-12-25,38.0828907832984,"C027"
2018-12-26,3.12076285548377,"C027"
2018-12-27,9.542485454928,"C027"
2018-12-28,27.3226577397457,"C027"
2018-12-29,38.5354377453597,"C027"
2018-12-30,2.78472896989632,"C027"
2018-12-31,2.96409807260522,"C027"
2019-01-01,23.632409726235,"C027"
2019-01-02,62.8678603722109,"C027"
2019-01-03,106.489539491953,"C027"
2019-01-04,49.343954790893,"C027"
2019-01-05,59.1814927789727,"C027"
2019-01-06,30.6155736549692,"C027"
2019-01-07,25.540631335132,"C027"
2019-01-08,2.06282672047882,"C027"
2019-01-09,3.37690958013128,"C027"
2019-01-10,17.4199851783511,"C027"
2019-01-11,30.8927616380896,"C027"
2019-01-12,8.57895291151011,"C027"
2019-01-13,4.88807420030228,"C027"
2019-01-14,24.7516558352249,"C027"
2019-01-15,2.6713030117387,"C027"
2019-01-16,2.06282672047882,"C027"
2019-01-17,2.06282672047882,"C027"
2019-01-18,2.5390745396222,"C027"
2019-01-19,9.97037306090588,"C027"
2019-01-20,5.69010496926614,"C027"
2019-01-21,12.5192353812581,"C027"
2019-01-22,6.59462090726304,"C027"
2019-01-23,4.53534617528615,"C027"
2019-01-24,16.9961825248731,"C027"
2019-01-25,2.36405448392235,"C027"
2019-01-26,6.04210199934304,"C027"
2019-01-27,3.52391684193948,"C027"
2019-01-28,15.1866958000108,"C027"
2019-01-29,34.5879024976818,"C027"
2019-01-30,46.3495643676249,"C027"
2019-01-31,32.4890797410692,"C027"
2019-02-01,7.78851150519789,"C027"
2019-02-02,40.8574505110383,"C027"
2019-02-03,22.8372308677508,"C027"
2019-02-04,79.2159019455347,"C027"
2019-02-05,48.2632801455665,"C027"
2019-02-06,16.508130267258,"C027"
2019-02-07,74.3413075932498,"C027"
2019-02-08,5.18097775082878,"C027"
2019-02-09,20.0927855937147,"C027"
2019-02-10,2.06282672047882,"C027"
2019-02-11,11.8311058822778,"C027"
2019-02-12,44.9962302214375,"C027"
2019-02-13,58.0267103027823,"C027"
2019-02-14,53.187148935771,"C027"
2019-02-15,19.6304070317806,"C027"
2019-02-16,57.7986318796563,"C027"
2019-02-17,7.62708688251272,"C027"
2019-02-18,13.1364391143894,"C027"
2019-02-19,61.7439618151343,"C027"
2019-02-20,18.0408692493361,"C027"
2019-02-21,56.3469158722019,"C027"
2019-02-22,82.8468604022828,"C027"
2019-02-23,21.4139273229093,"C027"
2019-02-24,133.925493213723,"C027"
2019-02-25,42.618600891129,"C027"
2019-02-26,103.787436563981,"C027"
2019-02-27,123.166134563128,"C027"
2019-02-28,93.797258094282,"C027"
2019-03-01,16.6760752789514,"C027"
2019-03-02,63.8679807401789,"C027"
2019-03-03,85.6197480386553,"C027"
2019-03-04,154.391080297186,"C027"
2019-03-05,174.241454316721,"C027"
2019-03-06,67.6240902951855,"C027"
2019-03-07,59.5849795090463,"C027"
2019-03-08,172.24688637711,"C027"
2019-03-09,78.5900133588335,"C027"
2019-03-10,61.283853528537,"C027"
2019-03-11,57.4617694755879,"C027"
2019-03-12,197.527928160341,"C027"
2019-03-13,184.148870556689,"C027"
2019-03-14,107.142462857101,"C027"
2019-03-15,154.377725398028,"C027"
2019-03-16,83.4423550739078,"C027"
2019-03-17,7.01261776579658,"C027"
2019-03-18,62.9570780883406,"C027"
2019-03-19,35.7462191315428,"C027"
2019-03-20,52.4389891503788,"C027"
2019-03-21,60.7433521831826,"C027"
2019-03-22,99.9256462912074,"C027"
2019-03-23,54.8071962332246,"C027"
2019-03-24,87.6110953294793,"C027"
2019-03-25,16.0910738073722,"C027"
2019-03-26,20.3421100890331,"C027"
2019-03-27,54.596151958334,"C027"
2019-03-28,35.6939356303119,"C027"
2019-03-29,22.288108600204,"C027"
2019-03-30,32.9829543835513,"C027"
2019-03-31,2.84176032767577,"C027"
2019-04-01,16.7526672404164,"C027"
2019-04-02,24.8540397070255,"C027"
2019-04-03,36.2398254674688,"C027"
2019-04-04,3.91832424501411,"C027"
2019-04-05,2.78269738880305,"C027"
2019-04-06,7.76563781485193,"C027"
2019-04-07,33.3651051646815,"C027"
2019-04-08,3.81198062319161,"C027"
2019-04-09,9.43112677266447,"C027"
2019-04-10,24.8527501466469,"C027"
2019-04-11,3.79900162192394,"C027"
2019-04-12,48.3131608629235,"C027"
2019-04-13,5.0665582531776,"C027"
2019-04-14,17.9342464253432,"C027"
2019-04-15,28.9760128123422,"C027"
2019-04-16,46.0412889321695,"C027"
2019-04-17,11.1340428031266,"C027"
2019-04-18,81.4402008821088,"C027"
2019-04-19,6.61327711005743,"C027"
2019-04-20,23.2323188650754,"C027"
2019-04-21,2.06282672047882,"C027"
2019-04-22,2.47067688541189,"C027"
2019-04-23,2.06282672047882,"C027"
2019-04-24,2.06282672047882,"C027"
2019-04-25,3.01400160741336,"C027"
2019-04-26,3.961782459667,"C027"
2019-04-27,4.19839916272135,"C027"
2019-04-28,33.5208094576396,"C027"
2019-04-29,44.8035846468924,"C027"
2019-04-30,53.1672472083668,"C027"
2019-05-01,23.615983075027,"C027"
2019-05-02,47.1688397120073,"C027"
2019-05-03,47.2295541570368,"C027"
2019-05-04,17.5076610637273,"C027"
2019-05-05,4.99112307428956,"C027"
2019-05-06,30.0217373880848,"C027"
2019-05-07,12.710593643198,"C027"
2019-05-08,86.7415881716557,"C027"
2019-05-09,71.0691873768614,"C027"
2019-05-10,3.29611197283917,"C027"
2019-05-11,5.75852435827359,"C027"
2019-05-12,25.8036959666008,"C027"
2019-05-13,9.76175852032188,"C027"
2019-05-14,62.9752406690896,"C027"
2019-05-15,45.3094209766791,"C027"
2019-05-16,22.0605305497278,"C027"
2019-05-17,21.1122578052117,"C027"
2019-05-18,59.8768470494836,"C027"
2019-05-19,125.261451133317,"C027"
2019-05-20,4.75646892703336,"C027"
2019-05-21,18.118960909402,"C027"
2019-05-22,5.91132335642136,"C027"
2019-05-23,7.0149765951782,"C027"
2019-05-24,13.9780835779286,"C027"
2019-05-25,5.35730670517944,"C027"
2019-05-26,62.3193930780006,"C027"
2019-05-27,46.2891935219482,"C027"
2019-05-28,49.242282960455,"C027"
2019-05-29,51.4954912231899,"C027"
2019-05-30,43.0499164456635,"C027"
2019-05-31,13.7626182868989,"C027"
2019-06-01,18.5611220236364,"C027"
2019-06-02,23.5693880713612,"C027"
2019-06-03,31.701887059968,"C027"
2019-06-04,19.7404639439779,"C027"
2019-06-05,47.9396317628959,"C027"
2019-06-06,98.9073176424977,"C027"
2019-06-07,15.5521194361364,"C027"
2019-06-08,25.5292162684768,"C027"
2019-06-09,22.1052575388826,"C027"
2019-06-10,74.8845238748255,"C027"
2019-06-11,25.9183707661189,"C027"
2019-06-12,78.3933300155401,"C027"
2019-06-13,21.846772265178,"C027"
2019-06-14,35.6872792088181,"C027"
2019-06-15,26.2508563543868,"C027"
2019-06-16,9.62899951946087,"C027"
2019-06-17,46.5388081326394,"C027"
2019-06-18,83.918814764925,"C027"
2019-06-19,93.7583974135893,"C027"
2019-06-20,78.2316487755257,"C027"
2019-06-21,61.774194691829,"C027"
2019-06-22,12.9791416648173,"C027"
2019-06-23,37.1492038096563,"C027"
2019-06-24,31.9256786163026,"C027"
2019-06-25,39.6658299850231,"C027"
2019-06-26,52.729705748168,"C027"
2019-06-27,64.2257695530566,"C027"
2019-06-28,29.4656039166833,"C027"
2019-06-29,17.6835241018341,"C027"
2019-06-30,7.10254202968742,"C027"
2019-07-01,23.9252603231274,"C027"
2019-07-02,42.5698819221623,"C027"
2019-07-03,69.7483670339515,"C027"
2019-07-04,99.290903037124,"C027"
2019-07-05,82.0925085170091,"C027"
2019-07-06,58.5363478334757,"C027"
2019-07-07,56.0290658308026,"C027"
2019-07-08,71.208812729706,"C027"
2019-07-09,78.5196909596431,"C027"
2019-07-10,93.7303236937243,"C027"
2019-07-11,79.9136713458523,"C027"
2019-07-12,3.24155546866132,"C027"
2019-07-13,25.8110192933381,"C027"
2019-07-14,9.42904089491771,"C027"
2019-07-15,3.16962679221135,"C027"
2019-07-16,35.8223792893332,"C027"
2019-07-17,19.0068478203203,"C027"
2019-07-18,43.3882406712008,"C027"
2019-07-19,7.1766872475076,"C027"
2019-07-20,55.7623750679441,"C027"
2019-07-21,35.1394648842908,"C027"
2019-07-22,73.4835001372992,"C027"
2019-07-23,4.96241532118678,"C027"
2019-07-24,25.5894341650517,"C027"
2019-07-25,58.0392502160177,"C027"
2019-07-26,29.4464586323059,"C027"
2019-07-27,34.4434057897716,"C027"
2019-07-28,44.3687668680275,"C027"
2019-07-29,58.3779960792232,"C027"
2019-07-30,11.1140318481926,"C027"
2019-07-31,42.0361882043702,"C027"
2019-08-01,101.39980635197,"C027"
2019-08-02,38.5238111044414,"C027"
2019-08-03,16.3663477513213,"C027"
2019-08-04,54.2806011577857,"C027"
2019-08-05,45.483153121218,"C027"
2019-08-06,58.7027658748089,"C027"
2019-08-07,14.0567709222612,"C027"
2019-08-08,91.0897627861385,"C027"
2019-08-09,62.7905593306033,"C027"
2019-08-10,83.4577612916633,"C027"
2019-08-11,44.680298889991,"C027"
2019-08-12,18.1857399684482,"C027"
2019-08-13,104.045548325448,"C027"
2019-08-14,165.312250829887,"C027"
2019-08-15,48.8291011375964,"C027"
2019-08-16,60.9690701000087,"C027"
2019-08-17,117.073738934285,"C027"
2019-08-18,89.2209365538887,"C027"
2019-08-19,39.1908824973205,"C027"
2019-08-20,4.2762258980052,"C027"
2019-08-21,32.5104700642794,"C027"
2019-08-22,15.0347254786302,"C027"
2019-08-23,99.3169753379039,"C027"
2019-08-24,55.2992160861997,"C027"
2019-08-25,163.398394397151,"C027"
2019-08-26,176.654926410494,"C027"
2019-08-27,179.124508021579,"C027"
2019-08-28,88.5213763249223,"C027"
2019-08-29,132.460666440212,"C027"
2019-08-30,29.9494872616235,"C027"
2019-08-31,86.2807349038657,"C027"
2019-09-01,75.4412862183492,"C027"
2019-09-02,43.2947910904228,"C027"
2019-09-03,48.4592197629722,"C027"
2019-09-04,20.2501028766944,"C027"
2019-09-05,27.9225055707202,"C027"
2019-09-06,25.4264566380083,"C027"
2019-09-07,6.84060636535105,"C027"
2019-09-08,85.195734440144,"C027"
2019-09-09,54.4866826224232,"C027"
2019-09-10,3.42744903287921,"C027"
2019-09-11,10.2037579087272,"C027"
2019-09-12,5.80646902279328,"C027"
2019-09-13,34.7324903201245,"C027"
2019-09-14,48.2338070282437,"C027"
2019-09-15,16.5035139359117,"C027"
2019-09-16,35.3142174250705,"C027"
2019-09-17,27.0826533318905,"C027"
2019-09-18,3.60560539961558,"C027"
2019-09-19,43.7378775868312,"C027"
2019-09-20,61.2954666162078,"C027"
2019-09-21,45.8178671099184,"C027"
2019-09-22,24.7465425966577,"C027"
2019-09-23,77.6855092653928,"C027"
2019-09-24,7.97753978216538,"C027"
2019-09-25,8.21550603315972,"C027"
2019-09-26,76.2325549332505,"C027"
2019-09-27,56.9858258372106,"C027"
2019-09-28,20.843878259344,"C027"
2019-09-29,33.359933142612,"C027"
2019-09-30,12.4652464241851,"C027"
2019-10-01,13.7236803818025,"C027"
2019-10-02,138.037196519086,"C027"
2019-10-03,55.5075030902056,"C027"
2019-10-04,115.286145510807,"C027"
2019-10-05,71.3634125499777,"C027"
2019-10-06,67.0574698420783,"C027"
2019-10-07,133.422601600907,"C027"
2019-10-08,148.825226763435,"C027"
2019-10-09,69.3886961876687,"C027"
2019-10-10,8.8563985190133,"C027"
2019-10-11,38.6419562456279,"C027"
2019-10-12,30.7886557891256,"C027"
2019-10-13,30.2824175329166,"C027"
2019-10-14,56.477830318313,"C027"
2019-10-15,6.61432419982707,"C027"
2019-10-16,16.9450667323783,"C027"
2019-10-17,65.2100605808387,"C027"
2019-10-18,109.10096962989,"C027"
2019-10-19,89.9345161396006,"C027"
2019-10-20,48.523799111889,"C027"
2019-10-21,23.6611260570411,"C027"
2019-10-22,26.8321273299732,"C027"
2019-10-23,25.8259686904595,"C027"
2019-10-24,33.860393668512,"C027"
2019-10-25,10.0738546151232,"C027"
2019-10-26,42.2260602312745,"C027"
2019-10-27,8.96244195458551,"C027"
2019-10-28,14.6460861923825,"C027"
2019-10-29,7.54460512429188,"C027"
2019-10-30,55.5157147391611,"C027"
2019-10-31,61.8485705046102,"C027"
2019-11-01,20.8991011633814,"C027"
2019-11-02,5.91376667613042,"C027"
2019-11-03,21.065532998649,"C027"
2019-11-04,2.08312132842162,"C027"
2019-11-05,11.0842088342775,"C027"
2019-11-06,14.7987987640706,"C027"
2019-11-07,43.5580248848698,"C027"
2019-11-08,42.1240521884386,"C027"
2019-11-09,17.2008226440978,"C027"
2019-11-10,57.158342749699,"C027"
2019-11-11,2.91657130054329,"C027"
2019-11-12,29.1847651305761,"C027"
2019-11-13,13.0008909521355,"C027"
2019-11-14,30.4775804992354,"C027"
2019-11-15,34.1852756340372,"C027"
2019-11-16,13.2286853370783,"C027"
2019-11-17,3.45327201409513,"C027"
2019-11-18,9.23579637390582,"C027"
2019-11-19,26.3264813334713,"C027"
2019-11-20,30.115956348579,"C027"
2019-11-21,5.06846478894822,"C027"
2019-11-22,2.0878476840366,"C027"
2019-11-23,21.6205545263091,"C027"
2019-11-24,12.5406060802402,"C027"
2019-11-25,37.3287880387447,"C027"
2019-11-26,33.0809977476464,"C027"
2019-11-27,33.9224478162886,"C027"
2019-11-28,4.71154273004524,"C027"
2019-11-29,41.8475351541519,"C027"
2019-11-30,6.25670390934551,"C027"
2019-12-01,15.9366984352566,"C027"
2019-12-02,5.42285978692531,"C027"
2019-12-03,11.6819581308912,"C027"
2019-12-04,54.8701935306332,"C027"
2019-12-05,78.0540483319819,"C027"
2019-12-06,61.4599629092378,"C027"
2019-12-07,18.0206186581211,"C027"
2019-12-08,13.9448266934181,"C027"
2019-12-09,2.07216941452355,"C027"
2019-12-10,29.7743946951237,"C027"
2019-12-11,24.05507047908,"C027"
2019-12-12,22.2535393685403,"C027"
2019-12-13,19.6235977100743,"C027"
2019-12-14,38.7485812889317,"C027"
2019-12-15,66.5712506245559,"C027"
2019-12-16,94.2047012616797,"C027"
2019-12-17,2.52036110142793,"C027"
2019-12-18,80.6305863035601,"C027"
2019-12-19,47.609268196742,"C027"
2019-12-20,14.4353248165153,"C027"
2019-12-21,2.15401987790965,"C027"
2019-12-22,13.5963191363724,"C027"
2019-12-23,3.5440299716996,"C027"
2019-12-24,5.79086698578108,"C027"
2019-12-25,3.45424586611212,"C027"
2019-12-26,5.78180978016688,"C027"
2019-12-27,30.5238576650891,"C027"
2019-12-28,32.2259593827393,"C027"
2019-12-29,125.919461238301,"C027"
2019-12-30,28.2689796680321,"C027"
2019-12-31,22.0041677207735,"C027"
